date_reg,type,maker,model,colour,fuel,state,MODELYEAR,MAKE,MODEL,VEHICLECLASS,ENGINESIZE,CYLINDERS,TRANSMISSION,FUELTYPE,FUELCONSUMPTION_CITY,FUELCONSUMPTION_HWY,FUELCONSUMPTION_COMB,FUELCONSUMPTION_COMB_MPG,CO2EMISSIONS,has_emission_data,fuel_consumption_L100km,Car_Age,CO2_Emission_Category
2025-01-01,motokar,PORSCHE,911 CARRERA,grey,petrol,Johor,2014.0,PORSCHE,911 CARRERA,MINICOMPACT,3.4,6.0,AM7,Z,11.6,8.3,10.1,28.0,232.0,True,23.28811881188119,11.0,Medium Emission
2025-01-02,motokar,HONDA,CIVIC,white,petrol,Selangor,2014.0,HONDA,CIVIC,COMPACT,1.8,4.0,AV,X,7.9,6.0,7.0,40.0,161.0,True,33.60142857142857,11.0,Low Emission
2025-01-02,jip,MAZDA,CX-5,grey,petrol,Rakan Niaga,2014.0,MAZDA,CX-5,SUV - SMALL,2.0,4.0,AS6,X,8.9,7.3,8.2,34.0,189.0,True,28.684146341463418,11.0,Low Emission
2025-01-02,motokar,MAZDA,MX-5,silver,petrol,Rakan Niaga,2014.0,MAZDA,MX-5,TWO-SEATER,2.0,4.0,AS6,Z,11.5,8.5,10.2,28.0,235.0,True,23.05980392156863,11.0,Medium Emission
2025-01-02,motokar,PORSCHE,911 GT3,yellow,petrol,W.P. Kuala Lumpur,2014.0,PORSCHE,911 GT3,TWO-SEATER,3.8,6.0,AM7,Z,16.0,11.5,14.0,20.0,322.0,True,16.800714285714285,11.0,High Emission
2025-01-02,jip,PORSCHE,CAYENNE,orange,petrol,Selangor,2014.0,PORSCHE,CAYENNE,SUV - STANDARD,3.6,6.0,A8,Z,13.6,10.1,12.0,24.0,276.0,True,19.600833333333334,11.0,High Emission
2025-01-02,motokar,SUBARU,BRZ,blue,petrol,Selangor,2014.0,SUBARU,BRZ,MINICOMPACT,2.0,4.0,AS6,Z,9.6,7.1,8.5,33.0,196.0,True,27.671764705882353,11.0,Low Emission
2025-01-02,motokar,TOYOTA,YARIS,white,petrol,Rakan Niaga,2014.0,TOYOTA,YARIS,COMPACT,1.5,4.0,A4,X,7.9,6.6,7.3,39.0,168.0,True,32.22054794520548,11.0,Low Emission
2025-01-03,jip,HONDA,CR-V,blue,petrol,Rakan Niaga,2014.0,HONDA,CR-V,SUV - SMALL,2.4,4.0,A5,X,10.3,7.6,9.1,31.0,209.0,True,25.84725274725275,11.0,Low Emission
2025-01-03,motokar,PORSCHE,PANAMERA,white,petrol,W.P. Kuala Lumpur,2014.0,PORSCHE,PANAMERA,FULL-SIZE,3.6,6.0,AM7,Z,12.9,8.4,10.9,26.0,251.0,True,21.578899082568807,11.0,Medium Emission
2025-01-06,window_van,HONDA,ODYSSEY,white,petrol,W.P. Kuala Lumpur,2014.0,HONDA,ODYSSEY,MINIVAN,3.5,6.0,A6,X,12.3,8.5,10.6,27.0,244.0,True,22.189622641509434,11.0,Medium Emission
2025-01-07,jip,VOLKSWAGEN,TIGUAN,black,petrol,W.P. Kuala Lumpur,2014.0,VOLKSWAGEN,TIGUAN,SUV - SMALL,2.0,4.0,A6,Z,11.7,9.5,10.7,26.0,246.0,True,21.982242990654207,11.0,Medium Emission
2025-01-07,jip,VOLVO,XC60,white,hybrid_petrol,Rakan Niaga,2014.0,VOLVO,XC60,SUV - SMALL,3.2,6.0,AS6,X,13.0,8.9,11.2,25.0,258.0,True,21.00089285714286,11.0,Medium Emission
2025-01-08,jip,LAND ROVER,RANGE ROVER EVOQUE,white,petrol,Pulau Pinang,2014.0,LAND ROVER,RANGE ROVER EVOQUE,SUV - SMALL,2.0,4.0,AS9,Z,11.3,7.9,9.8,29.0,225.0,True,24.001020408163264,11.0,Medium Emission
2025-01-08,motokar,PORSCHE,911 TURBO,grey,petrol,Johor,2014.0,PORSCHE,911 TURBO,MINICOMPACT,3.8,6.0,AM7,Z,13.7,9.6,11.9,24.0,274.0,True,19.765546218487394,11.0,High Emission
2025-01-08,motokar,TOYOTA,COROLLA,white,petrol,Rakan Niaga,2014.0,TOYOTA,COROLLA,MID-SIZE,1.8,4.0,A4,X,8.6,6.5,7.7,37.0,177.0,True,30.546753246753248,11.0,Low Emission
2025-01-09,motokar,BENTLEY,CONTINENTAL GT,grey,petrol,W.P. Kuala Lumpur,2014.0,BENTLEY,CONTINENTAL GT,SUBCOMPACT,4.0,8.0,AS8,Z,15.4,9.8,12.9,22.0,297.0,True,18.233333333333334,11.0,High Emission
2025-01-10,jip,KIA,SPORTAGE,grey,petrol,Johor,2014.0,KIA,SPORTAGE,SUV - SMALL,2.4,4.0,A6,X,11.4,8.3,10.0,28.0,230.0,True,23.521,11.0,Medium Emission
2025-01-10,motokar,VOLVO,S60,silver,petrol,Perak,2014.0,VOLVO,S60,COMPACT,2.5,5.0,AS6,X,11.3,7.8,9.7,29.0,223.0,True,24.248453608247424,11.0,Medium Emission
2025-01-16,jip,AUDI,Q5,black,petrol,W.P. Kuala Lumpur,2014.0,AUDI,Q5,SUV - SMALL,2.0,4.0,AS8,Z,12.0,8.5,10.4,27.0,239.0,True,22.616346153846155,11.0,Medium Emission
2025-01-16,motokar,NISSAN,GT-R,white,petrol,Johor,2014.0,NISSAN,GT-R,SUBCOMPACT,3.8,6.0,AM6,Z,14.5,10.9,12.9,22.0,297.0,True,18.233333333333334,11.0,High Emission
2025-01-17,motokar,FORD,MUSTANG,blue,petrol,Selangor,2014.0,FORD,MUSTANG,SUBCOMPACT,3.7,6.0,A6,X,12.1,7.8,10.2,28.0,235.0,True,23.05980392156863,11.0,Medium Emission
2025-01-17,motokar,TOYOTA,CAMRY,black,petrol,Rakan Niaga,2014.0,TOYOTA,CAMRY,MID-SIZE,2.5,4.0,AS6,X,9.5,6.6,8.2,34.0,189.0,True,28.684146341463418,11.0,Low Emission
2025-01-22,jip,HYUNDAI,SANTA FE,grey,hybrid_petrol,Rakan Niaga,2014.0,HYUNDAI,SANTA FE,SUV - SMALL,3.3,6.0,A6,X,13.0,9.1,11.2,25.0,258.0,True,21.00089285714286,11.0,Medium Emission
2025-01-22,jip,MAZDA,CX-9,black,petrol,W.P. Kuala Lumpur,2014.0,MAZDA,CX-9,SUV - SMALL,3.7,6.0,AS6,X,14.2,10.0,12.3,23.0,283.0,True,19.122764227642275,11.0,High Emission
2025-01-24,motokar,HONDA,FIT,white,petrol,Rakan Niaga,2014.0,HONDA,FIT,STATION WAGON - SMALL,1.5,4.0,A5,X,8.3,6.5,7.5,38.0,172.0,True,31.361333333333334,11.0,Low Emission
2025-01-27,motokar,DODGE,CHALLENGER,yellow,petrol,Sarawak,2014.0,DODGE,CHALLENGER,MID-SIZE,3.6,6.0,A5,X,13.2,8.7,11.2,25.0,258.0,True,21.00089285714286,11.0,Medium Emission
2025-01-27,jip,TOYOTA,RAV4,black,petrol,W.P. Kuala Lumpur,2014.0,TOYOTA,RAV4,SUV - SMALL,2.5,4.0,AS6,X,10.0,7.6,8.9,32.0,205.0,True,26.42808988764045,11.0,Low Emission
2025-01-31,motokar,AUDI,A8,grey,petrol,W.P. Kuala Lumpur,2014.0,AUDI,A8,MID-SIZE,3.0,6.0,AS8,Z,13.1,8.8,11.2,25.0,258.0,True,21.00089285714286,11.0,Medium Emission
2025-02-05,motokar,VOLKSWAGEN,BEETLE,yellow,petrol,Kedah,2014.0,VOLKSWAGEN,BEETLE,COMPACT,1.8,4.0,A6,X,9.5,7.2,8.5,33.0,196.0,True,27.671764705882353,11.0,Low Emission
2025-02-06,motokar,AUDI,R8,green,petrol,W.P. Kuala Lumpur,2014.0,AUDI,R8,TWO-SEATER,4.2,8.0,A7,Z,17.6,11.0,14.6,19.0,336.0,True,16.11027397260274,11.0,High Emission
2025-02-06,motokar,MITSUBISHI,LANCER,white,petrol,W.P. Kuala Lumpur,2014.0,MITSUBISHI,LANCER,COMPACT,2.0,4.0,AV6,X,9.2,7.0,8.2,34.0,189.0,True,28.684146341463418,11.0,Low Emission
2025-02-07,jip,KIA,SORENTO,grey,petrol,Rakan Niaga,2014.0,KIA,SORENTO,SUV - SMALL,2.4,4.0,A6,X,11.8,8.5,10.3,27.0,237.0,True,22.835922330097087,11.0,Medium Emission
2025-02-12,motokar,CHEVROLET,CRUZE,white,petrol,Sarawak,2014.0,CHEVROLET,CRUZE,MID-SIZE,1.4,4.0,AS6,X,9.1,6.3,7.8,36.0,179.0,True,30.155128205128207,11.0,Low Emission
2025-02-17,jip,VOLKSWAGEN,TOUAREG,white,petrol,Rakan Niaga,2014.0,VOLKSWAGEN,TOUAREG,SUV - STANDARD,3.6,6.0,AS8,Z,13.8,10.3,12.2,23.0,281.0,True,19.279508196721313,11.0,High Emission
2025-02-26,motokar,CHEVROLET,CORVETTE,blue,petrol,W.P. Kuala Lumpur,2014.0,CHEVROLET,CORVETTE,TWO-SEATER,6.2,8.0,AS6,Z,14.9,8.5,12.0,24.0,276.0,True,19.600833333333334,11.0,High Emission
2025-02-28,motokar,AUDI,RS7,black,petrol,Pulau Pinang,2014.0,AUDI,RS7,MID-SIZE,4.0,8.0,AS8,Z,15.3,9.3,12.6,22.0,290.0,True,18.667460317460318,11.0,High Emission
2025-03-04,window_van,TOYOTA,SIENNA,black,petrol,W.P. Kuala Lumpur,2014.0,TOYOTA,SIENNA,MINIVAN,3.5,6.0,AS6,X,12.9,9.4,11.3,25.0,260.0,True,20.81504424778761,11.0,High Emission
2025-03-06,motokar,AUDI,A4,silver,petrol,Johor,2014.0,AUDI,A4,COMPACT,2.0,4.0,AV8,Z,9.9,7.4,8.8,32.0,202.0,True,26.72840909090909,11.0,Low Emission
2025-03-06,motokar,FORD,FOCUS,silver,petrol,Johor,2014.0,FORD,FOCUS,COMPACT,2.0,4.0,M6,X,10.2,7.4,8.9,32.0,205.0,True,26.42808988764045,11.0,Low Emission
2025-03-13,motokar,BENTLEY,MULSANNE,black,petrol,W.P. Kuala Lumpur,2014.0,BENTLEY,MULSANNE,MID-SIZE,6.8,8.0,AS8,Z,22.3,14.9,19.0,15.0,437.0,True,12.379473684210527,11.0,High Emission
2025-03-13,motokar,JAGUAR,XF,white,petrol,W.P. Kuala Lumpur,2014.0,JAGUAR,XF,MID-SIZE,2.0,4.0,AS8,Z,12.3,8.2,10.5,27.0,242.0,True,22.400952380952383,11.0,Medium Emission
2025-03-20,jip,AUDI,SQ5,white,petrol,Rakan Niaga,2014.0,AUDI,SQ5,SUV - SMALL,3.0,6.0,AS8,Z,14.9,10.1,12.7,22.0,292.0,True,18.520472440944882,11.0,High Emission
2025-03-21,jip,HYUNDAI,TUCSON,white,petrol,Rakan Niaga,2014.0,HYUNDAI,TUCSON,SUV - SMALL,2.0,4.0,A6,X,10.2,8.2,9.3,30.0,214.0,True,25.291397849462363,11.0,Low Emission
2025-03-24,motokar,MASERATI,GRANTURISMO,maroon,petrol,W.P. Kuala Lumpur,2014.0,MASERATI,GRANTURISMO,SUBCOMPACT,4.7,8.0,AS6,Z,18.2,11.4,15.1,19.0,347.0,True,15.57682119205298,11.0,High Emission
2025-04-22,motokar,ASTON MARTIN,VANQUISH,green,petrol,W.P. Kuala Lumpur,2014.0,ASTON MARTIN,VANQUISH,MINICOMPACT,5.9,12.0,A6,Z,18.0,12.6,15.6,18.0,359.0,True,15.077564102564104,11.0,High Emission
2025-04-28,motokar,AUDI,S8,white,petrol,Rakan Niaga,2014.0,AUDI,S8,MID-SIZE,4.0,8.0,AS8,Z,15.4,9.8,12.9,22.0,297.0,True,18.233333333333334,11.0,High Emission
2025-04-30,jip,AUDI,Q7,white,petrol,Rakan Niaga,2014.0,AUDI,Q7,SUV - STANDARD,3.0,6.0,AS8,Z,15.1,10.9,13.2,21.0,304.0,True,17.818939393939395,11.0,High Emission
2025-04-30,jip,JEEP,CHEROKEE,black,petrol,Johor,2014.0,JEEP,CHEROKEE,SUV - SMALL,2.4,4.0,A9,X,10.9,7.7,9.5,30.0,218.0,True,24.758947368421055,11.0,Low Emission
